Model,R2,MAE,RMSE
Linear Regression,0.8069287081198013,4177.045561036322,5956.342894363585
Random Forest,0.8828631973038794,2555.160043702239,4639.460940432408
